{
  "Monsters": {
    "em100_00": {
      "NameStringId": "LOC_MONSTER_ANJANATH",
      "Parts": [
        {
          "StringId": "LOC_REMOVABLE_PART_TAIL",
          "Tags": [
            "Tail",
            "Removable"
          ],
          "IsRemovable": true
        },
        {
          "StringId": "LOC_PART_HEAD",
          "Tags": [
            "Head"
          ],
          "IsRemovable": false
        },
        {
          "StringId": "LOC_PART_BODY",
          "Tags": [
            "Body"
          ],
          "IsRemovable": false
        },
        {
          "StringId": "LOC_PART_LEG_LEFT",
          "Tags": [
            "Legs",
            "Limbs"
          ],
          "IsRemovable": false
        },
        {
          "StringId": "LOC_PART_LEG_RIGHT",
          "Tags": [
            "Legs",
            "Limbs"
          ],
          "IsRemovable": false
        },
        {
          "StringId": "LOC_PART_TAIL",
          "Tags": [
            "Tail"
          ],
          "IsRemovable": false
        }
      ],
      "BaseSize": 1646.46,
      "ScaleModifier": 1,
      "Crowns": {
        "Mini": 0.9,
        "Silver": 1.1,
        "Gold": 1.2
      }
    },
    "em002_01": {
      "NameStringId": "LOC_MONSTER_AZURE_RATHALOS",
      "Parts": [
        {
          "StringId": "LOC_REMOVABLE_PART_TAIL",
          "Tags": [
            "Tail",
            "Removable"
          ],
          "IsRemovable": true
        },
        {
          "StringId": "LOC_PART_HEAD",
          "Tags": [
            "Head"
          ],
          "IsRemovable": false
        },
        {
          "StringId": "LOC_PART_BODY",
          "Tags": [
            "Body"
          ],
          "IsRemovable": false
        },
        {
          "StringId": "LOC_PART_WING_LEFT",
          "Tags": [
            "Wings"
          ],
          "IsRemovable": false
        },
        {
          "StringId": "LOC_PART_WING_RIGHT",
          "Tags": [
            "Wings"
          ],
          "IsRemovable": false
        },
        {
          "StringId": "LOC_PART_LEG_LEFT",
          "Tags": [
            "Legs",
            "Limbs"
          ],
          "IsRemovable": false
        },
        {
          "StringId": "LOC_PART_LEG_RIGHT",
          "Tags": [
            "Legs",
            "Limbs"
          ],
          "IsRemovable": false
        },
        {
          "StringId": "LOC_PART_TAIL",
          "Tags": [
            "Tail"
          ],
          "IsRemovable": false
        }
      ],
      "BaseSize": 1704.22,
      "ScaleModifier": 1,
      "Crowns": {
        "Mini": 0.9,
        "Silver": 1.15,
        "Gold": 1.23
      }
    },
    "em044_00": {
      "NameStringId": "LOC_MONSTER_BARROTH",
      "Parts": [
        {
          "StringId": "LOC_REMOVABLE_PART_TAIL",
          "Tags": [
            "Tail",
            "Removable"
          ],
          "IsRemovable": true
        },
        {
          "StringId": "LOC_PART_HEAD",
          "Tags": [
            "Head"
          ],
          "IsRemovable": false
        },
        {
          "StringId": "LOC_PART_HEAD_MUD",
          "Tags": [
            "Head",
            "Mud"
          ],
          "IsRemovable": false
        },
        {
          "StringId": "LOC_PART_BODY",
          "Tags": [
            "Body"
          ],
          "IsRemovable": false
        },
        {
          "StringId": "LOC_PART_BODY_MUD",
          "Tags": [
            "Body",
            "Mud"
          ],
          "IsRemovable": false
        },
        {
          "StringId": "LOC_PART_ARMS",
          "Tags": [
            "Arms",
            "Limbs"
          ],
          "IsRemovable": false
        },
        {
          "StringId": "LOC_PART_ARMS_MUD",
          "Tags": [
            "Arms",
            "Limbs",
            "Mud"
          ],
          "IsRemovable": false
        },
        {
          "StringId": "LOC_PART_LEG_LEFT",
          "Tags": [
            "Legs",
            "Limbs"
          ],
          "IsRemovable": false
        },
        {
          "StringId": "LOC_PART_LEG_LEFT_MUD",
          "Tags": [
            "Legs",
            "Limbs",
            "Mud"
          ],
          "IsRemovable": false
        },
        {
          "StringId": "LOC_PART_LEG_RIGHT",
          "Tags": [
            "Legs",
            "Limbs"
          ],
          "IsRemovable": false
        },
        {
          "StringId": "LOC_PART_LEG_RIGHT_MUD",
          "Tags": [
            "Legs",
            "Limbs",
            "Mud"
          ],
          "IsRemovable": false
        },
        {
          "StringId": "LOC_PART_TAIL",
          "Tags": [
            "Tail"
          ],
          "IsRemovable": false
        },
        {
          "StringId": "LOC_PART_TAIL_MUD",
          "Tags": [
            "Tail",
            "Mud"
          ],
          "IsRemovable": false
        }
      ],
      "BaseSize": 1383.07,
      "ScaleModifier": 0.81,
      "Crowns": {
        "Mini": 0.9,
        "Silver": 1.15,
        "Gold": 1.23
      }
    },
    "em118_00": {
      "NameStringId": "LOC_MONSTER_BAZELGEUSE",
      "Parts": [
        {
          "StringId": "LOC_REMOVABLE_PART_TAIL",
          "Tags": [
            "Tail",
            "Removable"
          ],
          "IsRemovable": true
        },
        {
          "StringId": "LOC_PART_HEAD",
          "Tags": [
            "Head"
          ],
          "IsRemovable": false
        },
        {
          "StringId": "LOC_PART_BODY",
          "Tags": [
            "Body"
          ],
          "IsRemovable": false
        },
        {
          "StringId": "LOC_PART_LEGS",
          "Tags": [
            "Legs",
            "Limbs"
          ],
          "IsRemovable": false
        },
        {
          "StringId": "LOC_PART_WING_LEFT",
          "Tags": [
            "Wings"
          ],
          "IsRemovable": false
        },
        {
          "StringId": "LOC_PART_WING_RIGHT",
          "Tags": [
            "Wings"
          ],
          "IsRemovable": false
        },
        {
          "StringId": "LOC_PART_TAIL",
          "Tags": [
            "Tail"
          ],
          "IsRemovable": false
        }
      ],
      "BaseSize": 1928.38,
      "ScaleModifier": 1.1,
      "Crowns": {
        "Mini": 0.9,
        "Silver": 1.15,
        "Gold": 1.23
      }
    },
    "em121_00": {
      "NameStringId": "LOC_MONSTER_BEHEMOTH",
      "Parts": [
        {
          "StringId": "LOC_REMOVABLE_PART_TAIL",
          "Tags": [
            "Tail",
            "Removable"
          ],
          "IsRemovable": true
        },
        {
          "StringId": "LOC_PART_HORNS",
          "Tags": [
            "Horns"
          ],
          "IsRemovable": false
        },
        {
          "StringId": "LOC_PART_HEAD",
          "Tags": [
            "Head"
          ],
          "IsRemovable": false
        },
        {
          "StringId": "LOC_PART_BODY",
          "Tags": [
            "Body"
          ],
          "IsRemovable": false
        },
        {
          "StringId": "LOC_PART_ARM_LEFT",
          "Tags": [
            "Arms",
            "Limbs"
          ],
          "IsRemovable": false
        },
        {
          "StringId": "LOC_PART_ARM_RIGHT",
          "Tags": [
            "Arms",
            "Limbs"
          ],
          "IsRemovable": false
        },
        {
          "StringId": "LOC_PART_LEG_LEFT",
          "Tags": [
            "Legs",
            "Limbs"
          ],
          "IsRemovable": false
        },
        {
          "StringId": "LOC_PART_LEG_RIGHT",
          "Tags": [
            "Legs",
            "Limbs"
          ],
          "IsRemovable": false
        },
        {
          "StringId": "LOC_PART_TAIL",
          "Tags": [
            "Tail"
          ],
          "IsRemovable": false
        }
      ],
      "BaseSize": 3423.65,
      "ScaleModifier": 1
    },
    "em007_01": {
      "NameStringId": "LOC_MONSTER_BLACK_DIABLOS",
      "Parts": [
        {
          "StringId": "LOC_REMOVABLE_PART_TAIL",
          "Tags": [
            "Tail",
            "Removable"
          ],
          "IsRemovable": true
        },
        {
          "StringId": "LOC_PART_HEAD",
          "Tags": [
            "Head"
          ],
          "IsRemovable": false
        },
        {
          "StringId": "LOC_PART_BODY",
          "Tags": [
            "Body"
          ],
          "IsRemovable": false
        },
        {
          "StringId": "LOC_PART_WING_LEFT",
          "Tags": [
            "Wings"
          ],
          "IsRemovable": false
        },
        {
          "StringId": "LOC_PART_WING_RIGHT",
          "Tags": [
            "Wings"
          ],
          "IsRemovable": false
        },
        {
          "StringId": "LOC_PART_LEG_LEFT",
          "Tags": [
            "Legs",
            "Limbs"
          ],
          "IsRemovable": false
        },
        {
          "StringId": "LOC_PART_LEG_RIGHT",
          "Tags": [
            "Legs",
            "Limbs"
          ],
          "IsRemovable": false
        },
        {
          "StringId": "LOC_PART_TAIL",
          "Tags": [
            "Tail"
          ],
          "IsRemovable": false
        }
      ],
      "BaseSize": 2096.25,
      "ScaleModifier": 1.2,
      "Crowns": {
        "Mini": 0.9,
        "Silver": 1.15,
        "Gold": 1.23
      }
    },
    "em043_00": {
      "NameStringId": "LOC_MONSTER_DEVILJHO",
      "Parts": [
        {
          "StringId": "LOC_REMOVABLE_PART_TAIL",
          "Tags": [
            "Tail",
            "Removable"
          ],
          "IsRemovable": true
        },
        {
          "StringId": "LOC_PART_HEAD",
          "Tags": [
            "Head"
          ],
          "IsRemovable": false
        },
        {
          "StringId": "LOC_PART_BODY",
          "Tags": [
            "Body"
          ],
          "IsRemovable": false
        },
        {
          "StringId": "LOC_PART_CHEST",
          "Tags": [
            "Body"
          ],
          "IsRemovable": false
        },
        {
          "StringId": "LOC_PART_REAR",
          "Tags": [
            "Body"
          ],
          "IsRemovable": false
        },
        {
          "StringId": "LOC_PART_ARMS",
          "Tags": [
            "Arms",
            "Limbs"
          ],
          "IsRemovable": false
        },
        {
          "StringId": "LOC_PART_LEG_LEFT",
          "Tags": [
            "Legs",
            "Limbs"
          ],
          "IsRemovable": false
        },
        {
          "StringId": "LOC_PART_LEG_RIGHT",
          "Tags": [
            "Legs",
            "Limbs"
          ],
          "IsRemovable": false
        },
        {
          "StringId": "LOC_PART_TAIL",
          "Tags": [
            "Tail"
          ],
          "IsRemovable": false
        }
      ],
      "BaseSize": 2063.82,
      "ScaleModifier": 1,
      "Crowns": {
        "Mini": 0.9,
        "Silver": 1.1,
        "Gold": 1.2
      }
    },
    "em007_00": {
      "NameStringId": "LOC_MONSTER_DIABLOS",
      "Parts": [
        {
          "StringId": "LOC_REMOVABLE_PART_TAIL",
          "Tags": [
            "Tail",
            "Removable"
          ],
          "IsRemovable": true
        },
        {
          "StringId": "LOC_PART_HEAD",
          "Tags": [
            "Head"
          ],
          "IsRemovable": false
        },
        {
          "StringId": "LOC_PART_BODY",
          "Tags": [
            "Body"
          ],
          "IsRemovable": false
        },
        {
          "StringId": "LOC_PART_WING_LEFT",
          "Tags": [
            "Wings"
          ],
          "IsRemovable": false
        },
        {
          "StringId": "LOC_PART_WING_RIGHT",
          "Tags": [
            "Wings"
          ],
          "IsRemovable": false
        },
        {
          "StringId": "LOC_PART_LEG_LEFT",
          "Tags": [
            "Legs",
            "Limbs"
          ],
          "IsRemovable": false
        },
        {
          "StringId": "LOC_PART_LEG_RIGHT",
          "Tags": [
            "Legs",
            "Limbs"
          ],
          "IsRemovable": false
        },
        {
          "StringId": "LOC_PART_TAIL",
          "Tags": [
            "Tail"
          ],
          "IsRemovable": false
        }
      ],
      "BaseSize": 2096.25,
      "ScaleModifier": 1.2,
      "Crowns": {
        "Mini": 0.9,
        "Silver": 1.15,
        "Gold": 1.23
      }
    },
    "em116_00": {
      "NameStringId": "LOC_MONSTER_DODOGAMA",
      "Parts": [
        {
          "StringId": "LOC_REMOVABLE_PART_TAIL",
          "Tags": [
            "Tail",
            "Removable"
          ],
          "IsRemovable": true
        },
        {
          "StringId": "LOC_PART_HEAD",
          "Tags": [
            "Head"
          ],
          "IsRemovable": false
        },
        {
          "StringId": "LOC_PART_BODY",
          "Tags": [
            "Body"
          ],
          "IsRemovable": false
        },
        {
          "StringId": "LOC_PART_ARMS",
          "Tags": [
            "Arms",
            "Limbs"
          ],
          "IsRemovable": false
        },
        {
          "StringId": "LOC_PART_LEGS",
          "Tags": [
            "Legs",
            "Limbs"
          ],
          "IsRemovable": false
        },
        {
          "StringId": "LOC_PART_TAIL",
          "Tags": [
            "Tail"
          ],
          "IsRemovable": false
        }
      ],
      "BaseSize": 1111.11,
      "ScaleModifier": 1,
      "Crowns": {
        "Mini": 0.9,
        "Silver": 1.15,
        "Gold": 1.23
      }
    },
    "em112_00": {
      "NameStringId": "LOC_MONSTER_GREAT_GIRROS",
      "Parts": [
        {
          "StringId": "LOC_REMOVABLE_PART_TAIL",
          "Tags": [
            "Tail",
            "Removable"
          ],
          "IsRemovable": true
        },
        {
          "StringId": "LOC_PART_HEAD",
          "Tags": [
            "Head"
          ],
          "IsRemovable": false
        },
        {
          "StringId": "LOC_PART_BODY",
          "Tags": [
            "Body"
          ],
          "IsRemovable": false
        },
        {
          "StringId": "LOC_PART_ARMS",
          "Tags": [
            "Arms",
            "Limbs"
          ],
          "IsRemovable": false
        },
        {
          "StringId": "LOC_PART_LEGS",
          "Tags": [
            "Legs",
            "Limbs"
          ],
          "IsRemovable": false
        },
        {
          "StringId": "LOC_PART_TAIL",
          "Tags": [
            "Tail"
          ],
          "IsRemovable": false
        }
      ],
      "BaseSize": 1053.15,
      "ScaleModifier": 0.9,
      "Crowns": {
        "Mini": 0.9,
        "Silver": 1.15,
        "Gold": 1.23
      }
    },
    "em101_00": {
      "NameStringId": "LOC_MONSTER_GREAT_JAGRAS",
      "Parts": [
        {
          "StringId": "LOC_PART_HEAD",
          "Tags": [
            "Head"
          ],
          "IsRemovable": false
        },
        {
          "StringId": "LOC_PART_BODY",
          "Tags": [
            "Body"
          ],
          "IsRemovable": false
        },
        {
          "StringId": "LOC_PART_ARMS",
          "Tags": [
            "Arms",
            "Limbs"
          ],
          "IsRemovable": false
        },
        {
          "StringId": "LOC_PART_LEGS",
          "Tags": [
            "Legs",
            "Limbs"
          ],
          "IsRemovable": false
        },
        {
          "StringId": "LOC_PART_TAIL",
          "Tags": [
            "Tail"
          ],
          "IsRemovable": false
        },
        {
          "StringId": "LOC_PART_ABDOMEN",
          "Tags": [
            "Body"
          ],
          "IsRemovable": false
        }
      ],
      "BaseSize": 1109.66,
      "ScaleModifier": 1,
      "Crowns": {
        "Mini": 0.9,
        "Silver": 1.15,
        "Gold": 1.23
      }
    },
    "em108_00": {
      "NameStringId": "LOC_MONSTER_JYURATODUS",
      "Parts": [
        {
          "StringId": "LOC_PART_HEAD",
          "Tags": [
            "Head"
          ],
          "IsRemovable": false
        },
        {
          "StringId": "LOC_PART_BODY",
          "Tags": [
            "Body"
          ],
          "IsRemovable": false
        },
        {
          "StringId": "LOC_PART_LEG_LEFT",
          "Tags": [
            "Legs",
            "Limbs"
          ],
          "IsRemovable": false
        },
        {
          "StringId": "LOC_PART_LEG_RIGHT",
          "Tags": [
            "Legs",
            "Limbs"
          ],
          "IsRemovable": false
        },
        {
          "StringId": "LOC_PART_TAIL",
          "Tags": [
            "Tail"
          ],
          "IsRemovable": false
        },
        {
          "StringId": "LOC_PART_HEAD_MUD",
          "Tags": [
            "Head",
            "Mud"
          ],
          "IsRemovable": false
        },
        {
          "StringId": "LOC_PART_BODY_MUD",
          "Tags": [
            "Body",
            "Mud"
          ],
          "IsRemovable": false
        },
        {
          "StringId": "LOC_PART_LEG_LEFT_MUD",
          "Tags": [
            "Legs",
            "Limbs",
            "Mud"
          ],
          "IsRemovable": false
        },
        {
          "StringId": "LOC_PART_LEG_RIGHT_MUD",
          "Tags": [
            "Legs",
            "Limbs",
            "Mud"
          ],
          "IsRemovable": false
        },
        {
          "StringId": "LOC_PART_TAIL_MUD",
          "Tags": [
            "Tail",
            "Mud"
          ],
          "IsRemovable": false
        }
      ],
      "BaseSize": 1508.71,
      "ScaleModifier": 1,
      "Crowns": {
        "Mini": 0.9,
        "Silver": 1.15,
        "Gold": 1.23
      }
    },
    "em011_00": {
      "NameStringId": "LOC_MONSTER_KIRIN",
      "Parts": [
        {
          "StringId": "LOC_PART_HEAD",
          "Tags": [
            "Head"
          ],
          "IsRemovable": false
        },
        {
          "StringId": "LOC_PART_ARMS",
          "Tags": [
            "Arms",
            "Limbs"
          ],
          "IsRemovable": false
        },
        {
          "StringId": "LOC_PART_LEGS",
          "Tags": [
            "Legs",
            "Limbs"
          ],
          "IsRemovable": false
        }
      ],
      "BaseSize": 536.26,
      "ScaleModifier": 1,
      "Crowns": {
        "Mini": 0.9,
        "Silver": 1.15,
        "Gold": 1.23
      }
    },
    "em107_00": {
      "NameStringId": "LOC_MONSTER_KULU_YA_KU",
      "Parts": [
        {
          "StringId": "LOC_PART_HEAD",
          "Tags": [
            "Head"
          ],
          "IsRemovable": false
        },
        {
          "StringId": "LOC_PART_ARMS",
          "Tags": [
            "Arms",
            "Limbs"
          ],
          "IsRemovable": false
        },
        {
          "StringId": "LOC_PART_LEGS",
          "Tags": [
            "Legs",
            "Limbs"
          ],
          "IsRemovable": false
        },
        {
          "StringId": "LOC_PART_TAIL",
          "Tags": [
            "Tail"
          ],
          "IsRemovable": false
        },
        {
          "StringId": "LOC_PART_ROCK",
          "Tags": [
            "Body"
          ],
          "IsRemovable": false
        }
      ],
      "BaseSize": 901.24,
      "ScaleModifier": 0.9,
      "Crowns": {
        "Mini": 0.9,
        "Silver": 1.15,
        "Gold": 1.23
      }
    },
    "em117_00": {
      "NameStringId": "LOC_MONSTER_KULVE_TAROTH",
      "Parts": [
        {
          "StringId": "LOC_REMOVABLE_PART_HORNS",
          "Tags": [
            "Horns",
            "Removable"
          ],
          "IsRemovable": true
        },
        {
          "StringId": "LOC_REMOVABLE_PART_HORNS_2",
          "Tags": [
            "Horns",
            "Removable"
          ],
          "IsRemovable": true
        },
        {
          "StringId": "LOC_PART_HORNS",
          "Tags": [
            "Horns"
          ],
          "IsRemovable": false
        },
        {
          "StringId": "LOC_PART_CHEST",
          "Tags": [
            "Body"
          ],
          "IsRemovable": false
        },
        {
          "StringId": "LOC_PART_BODY",
          "Tags": [
            "Body"
          ],
          "IsRemovable": false
        },
        {
          "StringId": "LOC_PART_LIMBS_LEFT",
          "Tags": [
            "Limbs"
          ],
          "IsRemovable": false
        },
        {
          "StringId": "LOC_PART_LIMBS_RIGHT",
          "Tags": [
            "Limbs"
          ],
          "IsRemovable": false
        },
        {
          "StringId": "LOC_PART_TAIL",
          "Tags": [
            "Tail"
          ],
          "IsRemovable": false
        },
        {
          "StringId": "LOC_PART_HORNS_GOLD",
          "Tags": [
            "Horns"
          ],
          "IsRemovable": false
        },
        {
          "StringId": "LOC_PART_MANE_GOLD",
          "Tags": [
            "Body"
          ],
          "IsRemovable": false
        },
        {
          "StringId": "LOC_PART_CHEST_LEFT_GOLD",
          "Tags": [
            "Body"
          ],
          "IsRemovable": false
        },
        {
          "StringId": "LOC_PART_CHEST_RIGHT_GOLD",
          "Tags": [
            "Body"
          ],
          "IsRemovable": false
        },
        {
          "StringId": "LOC_PART_ARM_LEFT_GOLD",
          "Tags": [
            "Arms",
            "Limbs"
          ],
          "IsRemovable": false
        },
        {
          "StringId": "LOC_PART_ARM_RIGHT_GOLD",
          "Tags": [
            "Arms",
            "Limbs"
          ],
          "IsRemovable": false
        },
        {
          "StringId": "LOC_PART_LEG_LEFT_GOLD",
          "Tags": [
            "Legs",
            "Limbs"
          ],
          "IsRemovable": false
        },
        {
          "StringId": "LOC_PART_LEG_RIGHT_GOLD",
          "Tags": [
            "Legs",
            "Limbs"
          ],
          "IsRemovable": false
        },
        {
          "StringId": "LOC_PART_TAIL_LEFT_GOLD",
          "Tags": [
            "Tail"
          ],
          "IsRemovable": false
        },
        {
          "StringId": "LOC_PART_TAIL_RIGHT_GOLD",
          "Tags": [
            "Tail"
          ],
          "IsRemovable": false
        }
      ],
      "BaseSize": 4573.25,
      "ScaleModifier": 1
    },
    "em024_00": {
      "NameStringId": "LOC_MONSTER_KUSHALA_DAORA",
      "Parts": [
        {
          "StringId": "LOC_REMOVABLE_PART_TAIL",
          "Tags": [
            "Tail",
            "Removable"
          ],
          "IsRemovable": true
        },
        {
          "StringId": "LOC_PART_HEAD",
          "Tags": [
            "Head"
          ],
          "IsRemovable": false
        },
        {
          "StringId": "LOC_PART_BODY",
          "Tags": [
            "Body"
          ],
          "IsRemovable": false
        },
        {
          "StringId": "LOC_PART_TAIL",
          "Tags": [
            "Tail"
          ],
          "IsRemovable": false
        },
        {
          "StringId": "LOC_PART_LIMBS_LEFT",
          "Tags": [
            "Limbs"
          ],
          "IsRemovable": false
        },
        {
          "StringId": "LOC_PART_LIMBS_RIGHT",
          "Tags": [
            "Limbs"
          ],
          "IsRemovable": false
        },
        {
          "StringId": "LOC_PART_WINGS",
          "Tags": [
            "Wings"
          ],
          "IsRemovable": false
        }
      ],
      "BaseSize": 1913.13,
      "ScaleModifier": 0.85,
      "Crowns": {
        "Mini": 0.9,
        "Silver": 1.15,
        "Gold": 1.23
      }
    },
    "em036_00": {
      "NameStringId": "LOC_MONSTER_LAVASIOTH",
      "Parts": [
        {
          "StringId": "LOC_PART_HEAD",
          "Tags": [
            "Head"
          ],
          "IsRemovable": false
        },
        {
          "StringId": "LOC_PART_BODY",
          "Tags": [
            "Body"
          ],
          "IsRemovable": false
        },
        {
          "StringId": "LOC_PART_ABDOMEN",
          "Tags": [
            "Body"
          ],
          "IsRemovable": false
        },
        {
          "StringId": "LOC_PART_LEG_LEFT",
          "Tags": [
            "Legs",
            "Limbs"
          ],
          "IsRemovable": false
        },
        {
          "StringId": "LOC_PART_LEG_RIGHT",
          "Tags": [
            "Legs",
            "Limbs"
          ],
          "IsRemovable": false
        },
        {
          "StringId": "LOC_PART_TAIL",
          "Tags": [
            "Tail"
          ],
          "IsRemovable": false
        }
      ],
      "BaseSize": 1797.24,
      "ScaleModifier": 1.2,
      "Crowns": {
        "Mini": 0.9,
        "Silver": 1.15,
        "Gold": 1.23
      }
    },
    "em111_00": {
      "NameStringId": "LOC_MONSTER_LEGIANA",
      "Parts": [
        {
          "StringId": "LOC_PART_HEAD",
          "Tags": [
            "Head"
          ],
          "IsRemovable": false
        },
        {
          "StringId": "LOC_PART_BODY",
          "Tags": [
            "Body"
          ],
          "IsRemovable": false
        },
        {
          "StringId": "LOC_PART_WING_LEFT",
          "Tags": [
            "Wings"
          ],
          "IsRemovable": false
        },
        {
          "StringId": "LOC_PART_WING_RIGHT",
          "Tags": [
            "Wings"
          ],
          "IsRemovable": false
        },
        {
          "StringId": "LOC_PART_LEG_LEFT",
          "Tags": [
            "Legs",
            "Limbs"
          ],
          "IsRemovable": false
        },
        {
          "StringId": "LOC_PART_LEG_RIGHT",
          "Tags": [
            "Legs",
            "Limbs"
          ],
          "IsRemovable": false
        },
        {
          "StringId": "LOC_PART_TAIL",
          "Tags": [
            "Tail"
          ],
          "IsRemovable": false
        }
      ],
      "BaseSize": 1699.75,
      "ScaleModifier": 0.9,
      "Crowns": {
        "Mini": 0.9,
        "Silver": 1.15,
        "Gold": 1.23
      }
    },
    "em026_00": {
      "NameStringId": "LOC_MONSTER_LUNASTRA",
      "Parts": [
        {
          "StringId": "LOC_REMOVABLE_PART_TAIL",
          "Tags": [
            "Tail",
            "Removable"
          ],
          "IsRemovable": true
        },
        {
          "StringId": "LOC_PART_HEAD",
          "Tags": [
            "Head"
          ],
          "IsRemovable": false
        },
        {
          "StringId": "LOC_PART_BODY",
          "Tags": [
            "Body"
          ],
          "IsRemovable": false
        },
        {
          "StringId": "LOC_PART_LIMBS",
          "Tags": [
            "Limbs"
          ],
          "IsRemovable": false
        },
        {
          "StringId": "LOC_PART_WING_LEFT",
          "Tags": [
            "Wings"
          ],
          "IsRemovable": false
        },
        {
          "StringId": "LOC_PART_WING_RIGHT",
          "Tags": [
            "Wings"
          ],
          "IsRemovable": false
        },
        {
          "StringId": "LOC_PART_TAIL",
          "Tags": [
            "Tail"
          ],
          "IsRemovable": false
        }
      ],
      "BaseSize": 1828.69,
      "ScaleModifier": 0.85,
      "Crowns": {
        "Mini": 0.9,
        "Silver": 1.15,
        "Gold": 1.23
      }
    },
    "em103_00": {
      "NameStringId": "LOC_MONSTER_NERGIGANTE",
      "Parts": [
        {
          "StringId": "LOC_REMOVABLE_PART_TAIL",
          "Tags": [
            "Tail",
            "Removable"
          ],
          "IsRemovable": true
        },
        {
          "StringId": "LOC_PART_HORNS",
          "Tags": [
            "Horns"
          ],
          "IsRemovable": false
        },
        {
          "StringId": "LOC_PART_HEAD",
          "Tags": [
            "Head"
          ],
          "IsRemovable": false
        },
        {
          "StringId": "LOC_PART_BODY",
          "Tags": [
            "Body"
          ],
          "IsRemovable": false
        },
        {
          "StringId": "LOC_PART_ARM_LEFT",
          "Tags": [
            "Arms",
            "Limbs"
          ],
          "IsRemovable": false
        },
        {
          "StringId": "LOC_PART_ARM_RIGHT",
          "Tags": [
            "Arms",
            "Limbs"
          ],
          "IsRemovable": false
        },
        {
          "StringId": "LOC_PART_LEG_LEFT",
          "Tags": [
            "Legs",
            "Limbs"
          ],
          "IsRemovable": false
        },
        {
          "StringId": "LOC_PART_LEG_RIGHT",
          "Tags": [
            "Legs",
            "Limbs"
          ],
          "IsRemovable": false
        },
        {
          "StringId": "LOC_PART_WING_LEFT",
          "Tags": [
            "Wings"
          ],
          "IsRemovable": false
        },
        {
          "StringId": "LOC_PART_WING_RIGHT",
          "Tags": [
            "Wings"
          ],
          "IsRemovable": false
        },
        {
          "StringId": "LOC_PART_TAIL",
          "Tags": [
            "Tail"
          ],
          "IsRemovable": false
        }
      ],
      "BaseSize": 1848.12,
      "ScaleModifier": 1,
      "Crowns": {
        "Mini": 0.9,
        "Silver": 1.15,
        "Gold": 1.23
      }
    },
    "em113_00": {
      "NameStringId": "LOC_MONSTER_ODOGARON",
      "Parts": [
        {
          "StringId": "LOC_REMOVABLE_PART_TAIL",
          "Tags": [
            "Tail",
            "Removable"
          ],
          "IsRemovable": true
        },
        {
          "StringId": "LOC_PART_HEAD",
          "Tags": [
            "Head"
          ],
          "IsRemovable": false
        },
        {
          "StringId": "LOC_PART_BODY",
          "Tags": [
            "Body"
          ],
          "IsRemovable": false
        },
        {
          "StringId": "LOC_PART_ARMS",
          "Tags": [
            "Arms",
            "Limbs"
          ],
          "IsRemovable": false
        },
        {
          "StringId": "LOC_PART_LEGS",
          "Tags": [
            "Legs",
            "Limbs"
          ],
          "IsRemovable": false
        },
        {
          "StringId": "LOC_PART_TAIL",
          "Tags": [
            "Tail"
          ],
          "IsRemovable": false
        }
      ],
      "BaseSize": 1388.75,
      "ScaleModifier": 1.15,
      "Crowns": {
        "Mini": 0.9,
        "Silver": 1.15,
        "Gold": 1.23
      }
    },
    "em110_00": {
      "NameStringId": "LOC_MONSTER_PAOLUMU",
      "Parts": [
        {
          "StringId": "LOC_PART_HEAD",
          "Tags": [
            "Head"
          ],
          "IsRemovable": false
        },
        {
          "StringId": "LOC_PART_BALLOON",
          "Tags": [
            "Body"
          ],
          "IsRemovable": false
        },
        {
          "StringId": "LOC_PART_BODY",
          "Tags": [
            "Body"
          ],
          "IsRemovable": false
        },
        {
          "StringId": "LOC_PART_LEG_LEFT",
          "Tags": [
            "Legs",
            "Limbs"
          ],
          "IsRemovable": false
        },
        {
          "StringId": "LOC_PART_LEG_RIGHT",
          "Tags": [
            "Legs",
            "Limbs"
          ],
          "IsRemovable": false
        },
        {
          "StringId": "LOC_PART_WING_LEFT",
          "Tags": [
            "Wings"
          ],
          "IsRemovable": false
        },
        {
          "StringId": "LOC_PART_WING_RIGHT",
          "Tags": [
            "Wings"
          ],
          "IsRemovable": false
        },
        {
          "StringId": "LOC_PART_TAIL",
          "Tags": [
            "Tail"
          ],
          "IsRemovable": false
        }
      ],
      "BaseSize": 1143.36,
      "ScaleModifier": 1.05,
      "Crowns": {
        "Mini": 0.9,
        "Silver": 1.15,
        "Gold": 1.23
      }
    },
    "em001_01": {
      "NameStringId": "LOC_MONSTER_PINK_RATHIAN",
      "Parts": [
        {
          "StringId": "LOC_REMOVABLE_PART_TAIL",
          "Tags": [
            "Tail",
            "Removable"
          ],
          "IsRemovable": true
        },
        {
          "StringId": "LOC_PART_HEAD",
          "Tags": [
            "Head"
          ],
          "IsRemovable": false
        },
        {
          "StringId": "LOC_PART_BODY",
          "Tags": [
            "Body"
          ],
          "IsRemovable": false
        },
        {
          "StringId": "LOC_PART_WING_LEFT",
          "Tags": [
            "Wings"
          ],
          "IsRemovable": false
        },
        {
          "StringId": "LOC_PART_WING_RIGHT",
          "Tags": [
            "Wings"
          ],
          "IsRemovable": false
        },
        {
          "StringId": "LOC_PART_LEG_LEFT",
          "Tags": [
            "Legs",
            "Limbs"
          ],
          "IsRemovable": false
        },
        {
          "StringId": "LOC_PART_LEG_RIGHT",
          "Tags": [
            "Legs",
            "Limbs"
          ],
          "IsRemovable": false
        },
        {
          "StringId": "LOC_PART_TAIL",
          "Tags": [
            "Tail"
          ],
          "IsRemovable": false
        }
      ],
      "BaseSize": 1754.37,
      "ScaleModifier": 1,
      "Crowns": {
        "Mini": 0.9,
        "Silver": 1.15,
        "Gold": 1.23
      }
    },
    "em102_00": {
      "NameStringId": "LOC_MONSTER_PUKEI_PUKEI",
      "Parts": [
        {
          "StringId": "LOC_REMOVABLE_PART_TAIL",
          "Tags": [
            "Tail",
            "Removable"
          ],
          "IsRemovable": true
        },
        {
          "StringId": "LOC_PART_HEAD",
          "Tags": [
            "Head"
          ],
          "IsRemovable": false
        },
        {
          "StringId": "LOC_PART_BODY",
          "Tags": [
            "Body"
          ],
          "IsRemovable": false
        },
        {
          "StringId": "LOC_PART_WING_LEFT",
          "Tags": [
            "Wings"
          ],
          "IsRemovable": false
        },
        {
          "StringId": "LOC_PART_WING_RIGHT",
          "Tags": [
            "Wings"
          ],
          "IsRemovable": false
        },
        {
          "StringId": "LOC_PART_LEG_LEFT",
          "Tags": [
            "Legs",
            "Limbs"
          ],
          "IsRemovable": false
        },
        {
          "StringId": "LOC_PART_LEG_RIGHT",
          "Tags": [
            "Legs",
            "Limbs"
          ],
          "IsRemovable": false
        },
        {
          "StringId": "LOC_PART_TAIL",
          "Tags": [
            "Tail"
          ],
          "IsRemovable": false
        }
      ],
      "BaseSize": 1102.45,
      "ScaleModifier": 1,
      "Crowns": {
        "Mini": 0.9,
        "Silver": 1.1,
        "Gold": 1.2
      }
    },
    "em114_00": {
      "NameStringId": "LOC_MONSTER_RADOBAAN",
      "Parts": [
        {
          "StringId": "LOC_REMOVABLE_PART_TAIL",
          "Tags": [
            "Tail",
            "Removable"
          ],
          "IsRemovable": true
        },
        {
          "StringId": "LOC_PART_HEAD",
          "Tags": [
            "Head"
          ],
          "IsRemovable": false
        },
        {
          "StringId": "LOC_PART_BODY",
          "Tags": [
            "Body"
          ],
          "IsRemovable": false
        },
        {
          "StringId": "LOC_PART_LEG_LEFT",
          "Tags": [
            "Legs",
            "Limbs"
          ],
          "IsRemovable": false
        },
        {
          "StringId": "LOC_PART_LEG_RIGHT",
          "Tags": [
            "Legs",
            "Limbs"
          ],
          "IsRemovable": false
        },
        {
          "StringId": "LOC_PART_TAIL",
          "Tags": [
            "Tail"
          ],
          "IsRemovable": false
        },
        {
          "StringId": "LOC_PART_JAW",
          "Tags": [
            "Head"
          ],
          "IsRemovable": false
        },
        {
          "StringId": "LOC_PART_BACK",
          "Tags": [
            "Body"
          ],
          "IsRemovable": false
        },
        {
          "StringId": "LOC_PART_BONE_LEFT",
          "Tags": [
            "Body"
          ],
          "IsRemovable": false
        },
        {
          "StringId": "LOC_PART_BONE_RIGHT",
          "Tags": [
            "Body"
          ],
          "IsRemovable": false
        }
      ],
      "BaseSize": 1803.47,
      "ScaleModifier": 0.9,
      "Crowns": {
        "Mini": 0.9,
        "Silver": 1.1,
        "Gold": 1.2
      }
    },
    "em002_00": {
      "NameStringId": "LOC_MONSTER_RATHALOS",
      "Parts": [
        {
          "StringId": "LOC_REMOVABLE_PART_TAIL",
          "Tags": [
            "Tail",
            "Removable"
          ],
          "IsRemovable": true
        },
        {
          "StringId": "LOC_PART_HEAD",
          "Tags": [
            "Head"
          ],
          "IsRemovable": false
        },
        {
          "StringId": "LOC_PART_BODY",
          "Tags": [
            "Body"
          ],
          "IsRemovable": false
        },
        {
          "StringId": "LOC_PART_WING_LEFT",
          "Tags": [
            "Wings"
          ],
          "IsRemovable": false
        },
        {
          "StringId": "LOC_PART_WING_RIGHT",
          "Tags": [
            "Wings"
          ],
          "IsRemovable": false
        },
        {
          "StringId": "LOC_PART_LEG_LEFT",
          "Tags": [
            "Legs",
            "Limbs"
          ],
          "IsRemovable": false
        },
        {
          "StringId": "LOC_PART_LEG_RIGHT",
          "Tags": [
            "Legs",
            "Limbs"
          ],
          "IsRemovable": false
        },
        {
          "StringId": "LOC_PART_TAIL",
          "Tags": [
            "Tail"
          ],
          "IsRemovable": false
        }
      ],
      "BaseSize": 1704.22,
      "ScaleModifier": 1,
      "Crowns": {
        "Mini": 0.9,
        "Silver": 1.15,
        "Gold": 1.23
      }
    },
    "em001_00": {
      "NameStringId": "LOC_MONSTER_RATHIAN",
      "Parts": [
        {
          "StringId": "LOC_REMOVABLE_PART_TAIL",
          "Tags": [
            "Tail",
            "Removable"
          ],
          "IsRemovable": true
        },
        {
          "StringId": "LOC_PART_HEAD",
          "Tags": [
            "Head"
          ],
          "IsRemovable": false
        },
        {
          "StringId": "LOC_PART_BODY",
          "Tags": [
            "Body"
          ],
          "IsRemovable": false
        },
        {
          "StringId": "LOC_PART_WING_LEFT",
          "Tags": [
            "Wings"
          ],
          "IsRemovable": false
        },
        {
          "StringId": "LOC_PART_WING_RIGHT",
          "Tags": [
            "Wings"
          ],
          "IsRemovable": false
        },
        {
          "StringId": "LOC_PART_LEG_LEFT",
          "Tags": [
            "Legs",
            "Limbs"
          ],
          "IsRemovable": false
        },
        {
          "StringId": "LOC_PART_LEG_RIGHT",
          "Tags": [
            "Legs",
            "Limbs"
          ],
          "IsRemovable": false
        },
        {
          "StringId": "LOC_PART_TAIL",
          "Tags": [
            "Tail"
          ],
          "IsRemovable": false
        }
      ],
      "BaseSize": 1754.37,
      "ScaleModifier": 1,
      "Crowns": {
        "Mini": 0.9,
        "Silver": 1.15,
        "Gold": 1.23
      }
    },
    "em027_00": {
      "NameStringId": "LOC_MONSTER_TEOSTRA",
      "Parts": [
        {
          "StringId": "LOC_REMOVABLE_PART_TAIL",
          "Tags": [
            "Tail",
            "Removable"
          ],
          "IsRemovable": true
        },
        {
          "StringId": "LOC_PART_HEAD",
          "Tags": [
            "Head"
          ],
          "IsRemovable": false
        },
        {
          "StringId": "LOC_PART_BODY",
          "Tags": [
            "Body"
          ],
          "IsRemovable": false
        },
        {
          "StringId": "LOC_PART_ARMS",
          "Tags": [
            "Arms",
            "Limbs"
          ],
          "IsRemovable": false
        },
        {
          "StringId": "LOC_PART_LEGS",
          "Tags": [
            "Legs",
            "Limbs"
          ],
          "IsRemovable": false
        },
        {
          "StringId": "LOC_PART_WINGS",
          "Tags": [
            "Wings"
          ],
          "IsRemovable": false
        },
        {
          "StringId": "LOC_PART_TAIL",
          "Tags": [
            "Tail"
          ],
          "IsRemovable": false
        }
      ],
      "BaseSize": 1790.15,
      "ScaleModifier": 0.85,
      "Crowns": {
        "Mini": 0.9,
        "Silver": 1.15,
        "Gold": 1.23
      }
    },
    "em109_00": {
      "NameStringId": "LOC_MONSTER_TOBI_KADACHI",
      "Parts": [
        {
          "StringId": "LOC_PART_HEAD",
          "Tags": [
            "Head"
          ],
          "IsRemovable": false
        },
        {
          "StringId": "LOC_PART_BODY",
          "Tags": [
            "Body"
          ],
          "IsRemovable": false
        },
        {
          "StringId": "LOC_PART_MANE",
          "Tags": [
            "Body"
          ],
          "IsRemovable": false
        },
        {
          "StringId": "LOC_PART_ABDOMEN",
          "Tags": [
            "Body"
          ],
          "IsRemovable": false
        },
        {
          "StringId": "LOC_PART_LEGS",
          "Tags": [
            "Legs",
            "Limbs"
          ],
          "IsRemovable": false
        },
        {
          "StringId": "LOC_PART_TAIL",
          "Tags": [
            "Tail"
          ],
          "IsRemovable": false
        }
      ],
      "BaseSize": 1300.52,
      "ScaleModifier": 1,
      "Crowns": {
        "Mini": 0.9,
        "Silver": 1.1,
        "Gold": 1.2
      }
    },
    "em120_00": {
      "NameStringId": "LOC_MONSTER_TZITZI_YA_KU",
      "Parts": [
        {
          "StringId": "LOC_PART_HEAD_LEFT",
          "Tags": [
            "Head"
          ],
          "IsRemovable": false
        },
        {
          "StringId": "LOC_PART_HEAD_RIGHT",
          "Tags": [
            "Head"
          ],
          "IsRemovable": false
        },
        {
          "StringId": "LOC_PART_ARMS",
          "Tags": [
            "Arms",
            "Limbs"
          ],
          "IsRemovable": false
        },
        {
          "StringId": "LOC_PART_LEGS",
          "Tags": [
            "Legs",
            "Limbs"
          ],
          "IsRemovable": false
        },
        {
          "StringId": "LOC_PART_TAIL",
          "Tags": [
            "Tail"
          ],
          "IsRemovable": false
        }
      ],
      "BaseSize": 894.04,
      "ScaleModifier": 0.9,
      "Crowns": {
        "Mini": 0.9,
        "Silver": 1.15,
        "Gold": 1.23
      }
    },
    "em045_00": {
      "NameStringId": "LOC_MONSTER_URAGAAN",
      "Parts": [
        {
          "StringId": "LOC_REMOVABLE_PART_TAIL",
          "Tags": [
            "Tail",
            "Removable"
          ],
          "IsRemovable": true
        },
        {
          "StringId": "LOC_PART_JAW",
          "Tags": [
            "Head"
          ],
          "IsRemovable": false
        },
        {
          "StringId": "LOC_PART_HEAD",
          "Tags": [
            "Head"
          ],
          "IsRemovable": false
        },
        {
          "StringId": "LOC_PART_BODY",
          "Tags": [
            "Body"
          ],
          "IsRemovable": false
        },
        {
          "StringId": "LOC_PART_ARMS",
          "Tags": [
            "Arms",
            "Limbs"
          ],
          "IsRemovable": false
        },
        {
          "StringId": "LOC_PART_LEG_LEFT",
          "Tags": [
            "Legs",
            "Limbs"
          ],
          "IsRemovable": false
        },
        {
          "StringId": "LOC_PART_LEG_RIGHT",
          "Tags": [
            "Legs",
            "Limbs"
          ],
          "IsRemovable": false
        },
        {
          "StringId": "LOC_PART_TAIL",
          "Tags": [
            "Tail"
          ],
          "IsRemovable": false
        }
      ],
      "BaseSize": 2058.63,
      "ScaleModifier": 1,
      "Crowns": {
        "Mini": 0.9,
        "Silver": 1.1,
        "Gold": 1.2
      }
    },
    "em115_00": {
      "NameStringId": "LOC_MONSTER_VAAL_HAZAK",
      "Parts": [
        {
          "StringId": "LOC_REMOVABLE_PART_TAIL",
          "Tags": [
            "Tail",
            "Removable"
          ],
          "IsRemovable": true
        },
        {
          "StringId": "LOC_PART_HEAD",
          "Tags": [
            "Head"
          ],
          "IsRemovable": false
        },
        {
          "StringId": "LOC_PART_BACK",
          "Tags": [
            "Body"
          ],
          "IsRemovable": false
        },
        {
          "StringId": "LOC_PART_CHEST",
          "Tags": [
            "Body"
          ],
          "IsRemovable": false
        },
        {
          "StringId": "LOC_PART_TAIL",
          "Tags": [
            "Tail"
          ],
          "IsRemovable": false
        },
        {
          "StringId": "LOC_PART_ARM_LEFT",
          "Tags": [
            "Arms",
            "Limbs"
          ],
          "IsRemovable": false
        },
        {
          "StringId": "LOC_PART_ARM_RIGHT",
          "Tags": [
            "Arms",
            "Limbs"
          ],
          "IsRemovable": false
        },
        {
          "StringId": "LOC_PART_LEG_LEFT",
          "Tags": [
            "Legs",
            "Limbs"
          ],
          "IsRemovable": false
        },
        {
          "StringId": "LOC_PART_LEG_RIGHT",
          "Tags": [
            "Legs",
            "Limbs"
          ],
          "IsRemovable": false
        },
        {
          "StringId": "LOC_PART_WINGS",
          "Tags": [
            "Wings"
          ],
          "IsRemovable": false
        }
      ],
      "BaseSize": 2095.4,
      "ScaleModifier": 0.9,
      "Crowns": {
        "Mini": 0.9,
        "Silver": 1.15,
        "Gold": 1.23
      }
    },
    "em105_00": {
      "NameStringId": "LOC_MONSTER_XENO_JIIVA",
      "Parts": [
        {
          "StringId": "LOC_REMOVABLE_PART_TAIL",
          "Tags": [
            "Tail",
            "Removable"
          ],
          "IsRemovable": true
        },
        {
          "StringId": "LOC_PART_HEAD",
          "Tags": [
            "Head"
          ],
          "IsRemovable": false
        },
        {
          "StringId": "LOC_PART_NECK",
          "Tags": [
            "Body"
          ],
          "IsRemovable": false
        },
        {
          "StringId": "LOC_PART_BACK",
          "Tags": [
            "Body"
          ],
          "IsRemovable": false
        },
        {
          "StringId": "LOC_PART_CHEST",
          "Tags": [
            "Body"
          ],
          "IsRemovable": false
        },
        {
          "StringId": "LOC_PART_HAND_LEFT",
          "Tags": [
            "Arms",
            "Limbs"
          ],
          "IsRemovable": false
        },
        {
          "StringId": "LOC_PART_HAND_RIGHT",
          "Tags": [
            "Arms",
            "Limbs"
          ],
          "IsRemovable": false
        },
        {
          "StringId": "LOC_PART_FOOT_LEFT",
          "Tags": [
            "Legs",
            "Limbs"
          ],
          "IsRemovable": false
        },
        {
          "StringId": "LOC_PART_FOOT_RIGHT",
          "Tags": [
            "Legs",
            "Limbs"
          ],
          "IsRemovable": false
        },
        {
          "StringId": "LOC_PART_WINGS",
          "Tags": [
            "Wings"
          ],
          "IsRemovable": false
        },
        {
          "StringId": "LOC_PART_TAIL",
          "Tags": [
            "Tail"
          ],
          "IsRemovable": false
        }
      ],
      "BaseSize": 4509.1,
      "ScaleModifier": 1
    },
    "em106_00": {
      "NameStringId": "LOC_MONSTER_ZORAH_MAGDAROS",
      "Parts": [
        {
          "StringId": "LOC_PART_HEAD",
          "Tags": [
            "Head"
          ],
          "IsRemovable": false
        },
        {
          "StringId": "LOC_PART_BODY",
          "Tags": [
            "Body"
          ],
          "IsRemovable": false
        },
        {
          "StringId": "LOC_PART_CHEST",
          "Tags": [
            "Body"
          ],
          "IsRemovable": false
        },
        {
          "StringId": "LOC_PART_ARM_LEFT",
          "Tags": [
            "Arms",
            "Limbs"
          ],
          "IsRemovable": false
        },
        {
          "StringId": "LOC_PART_ARM_RIGHT",
          "Tags": [
            "Arms",
            "Limbs"
          ],
          "IsRemovable": false
        },
        {
          "StringId": "LOC_PART_LEG_LEFT",
          "Tags": [
            "Legs",
            "Limbs"
          ],
          "IsRemovable": false
        },
        {
          "StringId": "LOC_PART_LEG_RIGHT",
          "Tags": [
            "Legs",
            "Limbs"
          ],
          "IsRemovable": false
        },
        {
          "StringId": "LOC_PART_TAIL",
          "Tags": [
            "Tail"
          ],
          "IsRemovable": false
        },
        {
          "StringId": "LOC_PART_SHELL",
          "Tags": [
            "Body"
          ],
          "IsRemovable": false
        },
        {
          "StringId": "LOC_PART_EXHAUST_ORGAN_CENTRAL",
          "Tags": [
            "Body"
          ],
          "IsRemovable": false
        },
        {
          "StringId": "LOC_PART_EXHAUST_ORGAN_HEAD",
          "Tags": [
            "Body"
          ],
          "IsRemovable": false
        },
        {
          "StringId": "LOC_PART_EXHAUST_ORGAN_CRATER",
          "Tags": [
            "Body"
          ],
          "IsRemovable": false
        },
        {
          "StringId": "LOC_PART_EXHAUST_ORGAN_REAR",
          "Tags": [
            "Body"
          ],
          "IsRemovable": false
        },
        {
          "StringId": "LOC_PART_WEAK_SHELL_LEFT",
          "Tags": [
            "Body"
          ],
          "IsRemovable": false
        },
        {
          "StringId": "LOC_PART_WEAK_SHELL_RIGHT",
          "Tags": [
            "Body"
          ],
          "IsRemovable": false
        }
      ],
      "BaseSize": 25764.59,
      "ScaleModifier": 1
    },
    "em127_00": {
      "NameStringId": "LOC_MONSTER_LESHEN",
      "Parts": [
        {
          "StringId": "LOC_REMOVABLE_PART_ANTLER_LEFT",
          "Tags": [
            "Horns",
            "Removable"
          ],
          "IsRemovable": true
        },
        {
          "StringId": "LOC_REMOVABLE_PART_ANTLER_RIGHT",
          "Tags": [
            "Horns",
            "Removable"
          ],
          "IsRemovable": true
        },
        {
          "StringId": "LOC_PART_HEAD",
          "Tags": [
            "Head"
          ],
          "IsRemovable": false
        },
        {
          "StringId": "LOC_PART_BODY",
          "Tags": [
            "Body"
          ],
          "IsRemovable": false
        },
        {
          "StringId": "LOC_PART_LEGS",
          "Tags": [
            "Legs",
            "Limbs"
          ],
          "IsRemovable": false
        },
        {
          "StringId": "LOC_PART_ARMS",
          "Tags": [
            "Arms",
            "Limbs"
          ],
          "IsRemovable": false
        }
      ],
      "BaseSize": 549.7,
      "ScaleModifier": 1
    },
    "em127_01": {
      "NameStringId": "LOC_MONSTER_ANCIENT_LESHEN",
      "Parts": [
        {
          "StringId": "LOC_REMOVABLE_PART_ANTLER_LEFT",
          "Tags": [
            "Horns",
            "Removable"
          ],
          "IsRemovable": true
        },
        {
          "StringId": "LOC_REMOVABLE_PART_ANTLER_RIGHT",
          "Tags": [
            "Horns",
            "Removable"
          ],
          "IsRemovable": true
        },
        {
          "StringId": "LOC_PART_HEAD",
          "Tags": [
            "Head"
          ],
          "IsRemovable": false
        },
        {
          "StringId": "LOC_PART_BODY",
          "Tags": [
            "Body"
          ],
          "IsRemovable": false
        },
        {
          "StringId": "LOC_PART_LEGS",
          "Tags": [
            "Legs",
            "Limbs"
          ],
          "IsRemovable": false
        },
        {
          "StringId": "LOC_PART_ARMS",
          "Tags": [
            "Arms",
            "Limbs"
          ],
          "IsRemovable": false
        }
      ],
      "BaseSize": 549.7,
      "ScaleModifier": 1
    }
  },
  "StatusEffects": [
    {
      "NameStringId": "LOC_STATUS_EFFECT_POISON",
      "Tags": [
        "Poison",
        "Debuff"
      ],
      "PointerOffset": "08",
      "MaxDurationOffset": "15C",
      "CurrentBuildupOffset": "178",
      "MaxBuildupOffset": "17C",
      "CurrentDurationOffset": "1A4",
      "TimesActivatedOffset": "1A8",
      "InvertBuildup": false,
      "InvertDuration": true
    },
    {
      "NameStringId": "LOC_STATUS_EFFECT_PARALYSIS",
      "Tags": [
        "Paralysis",
        "Debuff"
      ],
      "PointerOffset": "10",
      "MaxDurationOffset": "15C",
      "CurrentBuildupOffset": "178",
      "MaxBuildupOffset": "17C",
      "CurrentDurationOffset": "1A4",
      "TimesActivatedOffset": "1A8",
      "InvertBuildup": false,
      "InvertDuration": true
    },
    {
      "NameStringId": "LOC_STATUS_EFFECT_SLEEP",
      "Tags": [
        "Sleep",
        "Debuff"
      ],
      "PointerOffset": "18",
      "MaxDurationOffset": "15C",
      "CurrentBuildupOffset": "178",
      "MaxBuildupOffset": "17C",
      "CurrentDurationOffset": "1A4",
      "TimesActivatedOffset": "1A8",
      "InvertBuildup": false,
      "InvertDuration": true
    },
    {
      "NameStringId": "LOC_STATUS_EFFECT_BLAST",
      "Tags": [
        "Blast",
        "Debuff"
      ],
      "PointerOffset": "20",
      "MaxDurationOffset": "15C",
      "CurrentBuildupOffset": "178",
      "MaxBuildupOffset": "17C",
      "CurrentDurationOffset": "1A4",
      "TimesActivatedOffset": "1A8",
      "InvertBuildup": false,
      "InvertDuration": true
    },
    {
      "NameStringId": "LOC_STATUS_EFFECT_MOUNT",
      "Tags": [
        "Mount",
        "Debuff"
      ],
      "PointerOffset": "28",
      "MaxDurationOffset": "15C",
      "CurrentBuildupOffset": "178",
      "MaxBuildupOffset": "17C",
      "CurrentDurationOffset": "1A4",
      "TimesActivatedOffset": "1A8",
      "InvertBuildup": false,
      "InvertDuration": true
    },
    {
      "NameStringId": "LOC_STATUS_EFFECT_EXHAUST",
      "Tags": [
        "Exhaust",
        "Debuff"
      ],
      "PointerOffset": "30",
      "MaxDurationOffset": "15C",
      "CurrentBuildupOffset": "178",
      "MaxBuildupOffset": "17C",
      "CurrentDurationOffset": "1A4",
      "TimesActivatedOffset": "1A8",
      "InvertBuildup": false,
      "InvertDuration": true
    },
    {
      "NameStringId": "LOC_STATUS_EFFECT_STUN",
      "Tags": [
        "Stun",
        "Debuff"
      ],
      "PointerOffset": "38",
      "MaxDurationOffset": "15C",
      "CurrentBuildupOffset": "178",
      "MaxBuildupOffset": "17C",
      "CurrentDurationOffset": "1A4",
      "TimesActivatedOffset": "1A8",
      "InvertBuildup": false,
      "InvertDuration": true
    },
    {
      "NameStringId": "LOC_STATUS_EFFECT_TRANQUILIZE",
      "Tags": [
        "Tranquilize",
        "Debuff"
      ],
      "PointerOffset": "40",
      "MaxDurationOffset": "15C",
      "CurrentBuildupOffset": "178",
      "MaxBuildupOffset": "17C",
      "CurrentDurationOffset": "1A4",
      "TimesActivatedOffset": "1A8",
      "InvertBuildup": false,
      "InvertDuration": true
    },
    {
      "NameStringId": "LOC_STATUS_EFFECT_FLASH",
      "Tags": [
        "Flash",
        "Debuff"
      ],
      "PointerOffset": "48",
      "MaxDurationOffset": "15C",
      "CurrentBuildupOffset": "178",
      "MaxBuildupOffset": "17C",
      "CurrentDurationOffset": "1A4",
      "TimesActivatedOffset": "1A8",
      "InvertBuildup": false,
      "InvertDuration": true
    },
    {
      "NameStringId": "LOC_STATUS_EFFECT_DUNG",
      "Tags": [
        "Dung",
        "Debuff"
      ],
      "PointerOffset": "58",
      "MaxDurationOffset": "15C",
      "CurrentBuildupOffset": "178",
      "MaxBuildupOffset": "17C",
      "CurrentDurationOffset": "1A4",
      "TimesActivatedOffset": "1A8",
      "InvertBuildup": false,
      "InvertDuration": true
    },
    {
      "NameStringId": "LOC_STATUS_EFFECT_SHOCK_TRAP",
      "Tags": [
        "ShockTrap",
        "Debuff"
      ],
      "PointerOffset": "68",
      "MaxDurationOffset": "15C",
      "CurrentBuildupOffset": "178",
      "MaxBuildupOffset": "17C",
      "CurrentDurationOffset": "1A4",
      "TimesActivatedOffset": "1A8",
      "InvertBuildup": false,
      "InvertDuration": true
    },
    {
      "NameStringId": "LOC_STATUS_EFFECT_PITFALL_TRAP",
      "Tags": [
        "PitfallTrap",
        "Debuff"
      ],
      "PointerOffset": "70",
      "MaxDurationOffset": "15C",
      "CurrentBuildupOffset": "178",
      "MaxBuildupOffset": "17C",
      "CurrentDurationOffset": "1A4",
      "TimesActivatedOffset": "1A8",
      "InvertBuildup": false,
      "InvertDuration": true
    },
    {
      "NameStringId": "LOC_STATUS_EFFECT_ELDERSEAL",
      "Tags": [
        "Elderseal",
        "Debuff"
      ],
      "PointerOffset": "88",
      "MaxDurationOffset": "15C",
      "CurrentBuildupOffset": "178",
      "MaxBuildupOffset": "17C",
      "CurrentDurationOffset": "1A4",
      "TimesActivatedOffset": "1A8",
      "InvertBuildup": false,
      "InvertDuration": true
    },
    {
      "NameStringId": "LOC_STATUS_EFFECT_RAGE",
      "Tags": [
        "Rage",
        "Behavior"
      ],
      "MaxDurationOffset": "190",
      "CurrentBuildupOffset": "180",
      "MaxBuildupOffset": "1A0",
      "CurrentDurationOffset": "18C",
      "TimesActivatedOffset": "198",
      "InvertBuildup": false,
      "InvertDuration": true
    },
    {
      "NameStringId": "LOC_STATUS_EFFECT_FATIGUE",
      "Tags": [
        "Fatigue",
        "Behavior"
      ],
      "MaxDurationOffset": "42C",
      "CurrentBuildupOffset": "420",
      "MaxBuildupOffset": "424",
      "CurrentDurationOffset": "430",
      "InvertBuildup": true,
      "InvertDuration": true
    }
  ]
}