{
  "StatusEffects": [
    {
      "NameStringId": "LOC_STATUS_EFFECT_SELF_IMPROVEMENT",
      "Tags": [
        "HuntingHorn",
        "Buff"
      ],
      "TimerOffset": "38",
      "Source": "Base"
    },
    {
      "NameStringId": "LOC_STATUS_EFFECT_ATTACK_UP_S",
      "Tags": [
        "HuntingHorn",
        "Buff"
      ],
      "TimerOffset": "3C",
      "Source": "Base"
    },
    {
      "NameStringId": "LOC_STATUS_EFFECT_ATTACK_UP_L",
      "Tags": [
        "HuntingHorn",
        "Buff"
      ],
      "TimerOffset": "40",
      "Source": "Base"
    },
    {
      "NameStringId": "LOC_STATUS_EFFECT_HEALTH_BOOST_S",
      "Tags": [
        "HuntingHorn",
        "Buff"
      ],
      "TimerOffset": "44",
      "Source": "Base"
    },
    {
      "NameStringId": "LOC_STATUS_EFFECT_HEALTH_BOOST_L",
      "Tags": [
        "HuntingHorn",
        "Buff"
      ],
      "TimerOffset": "48",
      "Source": "Base"
    },
    {
      "NameStringId": "LOC_STATUS_EFFECT_STAMINA_USE_REDUCED_S",
      "Tags": [
        "HuntingHorn",
        "Buff"
      ],
      "TimerOffset": "4C",
      "Source": "Base"
    },
    {
      "NameStringId": "LOC_STATUS_EFFECT_STAMINA_USE_REDUCED_L",
      "Tags": [
        "HuntingHorn",
        "Buff"
      ],
      "TimerOffset": "50",
      "Source": "Base"
    },
    {
      "NameStringId": "LOC_STATUS_EFFECT_WIND_PRESSURE_NEGATED",
      "Tags": [
        "HuntingHorn",
        "Buff"
      ],
      "TimerOffset": "54",
      "Source": "Base"
    },
    {
      "NameStringId": "LOC_STATUS_EFFECT_ALL_WIND_PRESSURE_NEGATED",
      "Tags": [
        "HuntingHorn",
        "Buff"
      ],
      "TimerOffset": "58",
      "Source": "Base"
    },
    {
      "NameStringId": "LOC_STATUS_EFFECT_DEFENSE_UP_S",
      "Tags": [
        "HuntingHorn",
        "Buff"
      ],
      "TimerOffset": "5C",
      "Source": "Base"
    },
    {
      "NameStringId": "LOC_STATUS_EFFECT_DEFENSE_UP_L",
      "Tags": [
        "HuntingHorn",
        "Buff"
      ],
      "TimerOffset": "60",
      "Source": "Base"
    },
    {
      "NameStringId": "LOC_STATUS_EFFECT_TOOL_USE_DRAIN_REDUCED_S",
      "Tags": [
        "HuntingHorn",
        "Buff"
      ],
      "TimerOffset": "64",
      "Source": "Base"
    },
    {
      "NameStringId": "LOC_STATUS_EFFECT_TOOL_USE_DRAIN_REDUCED_L",
      "Tags": [
        "HuntingHorn",
        "Buff"
      ],
      "TimerOffset": "68",
      "Source": "Base"
    },
    {
      "NameStringId": "LOC_STATUS_EFFECT_HEALTH_RECOVERY_S",
      "Tags": [
        "HuntingHorn",
        "Buff"
      ],
      "TimerOffset": "80",
      "Source": "Base"
    },
    {
      "NameStringId": "LOC_STATUS_EFFECT_HEALTH_RECOVERY_L",
      "Tags": [
        "HuntingHorn",
        "Buff"
      ],
      "TimerOffset": "84",
      "Source": "Base"
    },
    {
      "NameStringId": "LOC_STATUS_EFFECT_EARPLUGS_S",
      "Tags": [
        "HuntingHorn",
        "Buff"
      ],
      "TimerOffset": "88",
      "Source": "Base"
    },
    {
      "NameStringId": "LOC_STATUS_EFFECT_EARPLUGS_L",
      "Tags": [
        "HuntingHorn",
        "Buff"
      ],
      "TimerOffset": "8C",
      "Source": "Base"
    },
    {
      "NameStringId": "LOC_STATUS_EFFECT_DIVINE_PROTECTION",
      "Tags": [
        "HuntingHorn",
        "Buff"
      ],
      "TimerOffset": "90",
      "Source": "Base"
    },
    {
      "NameStringId": "LOC_STATUS_EFFECT_SCOUTFLY_POWER_UP",
      "Tags": [
        "HuntingHorn",
        "Buff"
      ],
      "TimerOffset": "94",
      "Source": "Base"
    },
    {
      "NameStringId": "LOC_STATUS_EFFECT_ENVIRONMENTAL_DAMAGE_NEGATED",
      "Tags": [
        "HuntingHorn",
        "Buff"
      ],
      "TimerOffset": "98",
      "Source": "Base"
    },
    {
      "NameStringId": "LOC_STATUS_EFFECT_STUN_NEGATED",
      "Tags": [
        "HuntingHorn",
        "Buff"
      ],
      "TimerOffset": "9C",
      "Source": "Base"
    },
    {
      "NameStringId": "LOC_STATUS_EFFECT_PARALYSIS_NEGATED",
      "Tags": [
        "HuntingHorn",
        "Buff"
      ],
      "TimerOffset": "A0",
      "Source": "Base"
    },
    {
      "NameStringId": "LOC_STATUS_EFFECT_TREMORS_NEGATED",
      "Tags": [
        "HuntingHorn",
        "Buff"
      ],
      "TimerOffset": "A4",
      "Source": "Base"
    },
    {
      "NameStringId": "LOC_STATUS_EFFECT_MUCK_RESISTANCE",
      "Tags": [
        "HuntingHorn",
        "Buff"
      ],
      "TimerOffset": "A8",
      "Source": "Base"
    },
    {
      "NameStringId": "LOC_STATUS_EFFECT_FIRE_RESISTANCE_BOOST_S",
      "Tags": [
        "HuntingHorn",
        "Buff"
      ],
      "TimerOffset": "AC",
      "Source": "Base"
    },
    {
      "NameStringId": "LOC_STATUS_EFFECT_FIRE_RESISTANCE_BOOST_L",
      "Tags": [
        "HuntingHorn",
        "Buff"
      ],
      "TimerOffset": "B0",
      "Source": "Base"
    },
    {
      "NameStringId": "LOC_STATUS_EFFECT_WATER_RESISTANCE_BOOST_S",
      "Tags": [
        "HuntingHorn",
        "Buff"
      ],
      "TimerOffset": "B4",
      "Source": "Base"
    },
    {
      "NameStringId": "LOC_STATUS_EFFECT_WATER_RESISTANCE_BOOST_L",
      "Tags": [
        "HuntingHorn",
        "Buff"
      ],
      "TimerOffset": "B8",
      "Source": "Base"
    },
    {
      "NameStringId": "LOC_STATUS_EFFECT_THUNDER_RESISTANCE_BOOST_S",
      "Tags": [
        "HuntingHorn",
        "Buff"
      ],
      "TimerOffset": "BC",
      "Source": "Base"
    },
    {
      "NameStringId": "LOC_STATUS_EFFECT_THUNDER_RESISTANCE_BOOST_L",
      "Tags": [
        "HuntingHorn",
        "Buff"
      ],
      "TimerOffset": "C0",
      "Source": "Base"
    },
    {
      "NameStringId": "LOC_STATUS_EFFECT_ICE_RESISTANCE_BOOST_S",
      "Tags": [
        "HuntingHorn",
        "Buff"
      ],
      "TimerOffset": "C4",
      "Source": "Base"
    },
    {
      "NameStringId": "LOC_STATUS_EFFECT_ICE_RESISTANCE_BOOST_L",
      "Tags": [
        "HuntingHorn",
        "Buff"
      ],
      "TimerOffset": "C8",
      "Source": "Base"
    },
    {
      "NameStringId": "LOC_STATUS_EFFECT_DRAGON_RESISTANCE_BOOST_S",
      "Tags": [
        "HuntingHorn",
        "Buff"
      ],
      "TimerOffset": "CC",
      "Source": "Base"
    },
    {
      "NameStringId": "LOC_STATUS_EFFECT_DRAGON_RESISTANCE_BOOST_L",
      "Tags": [
        "HuntingHorn",
        "Buff"
      ],
      "TimerOffset": "D0",
      "Source": "Base"
    },
    {
      "NameStringId": "LOC_STATUS_EFFECT_ELEMENTAL_ATTACK_BOOST",
      "Tags": [
        "HuntingHorn",
        "Buff"
      ],
      "TimerOffset": "D4",
      "Source": "Base"
    },
    {
      "NameStringId": "LOC_STATUS_EFFECT_BLIGHT_NEGATED",
      "Tags": [
        "HuntingHorn",
        "Buff"
      ],
      "TimerOffset": "D8",
      "Source": "Base"
    },
    {
      "NameStringId": "LOC_STATUS_EFFECT_KNOCKBACKS_NEGATED",
      "Tags": [
        "HuntingHorn",
        "Buff"
      ],
      "TimerOffset": "E4",
      "Source": "Base"
    },
    {
      "NameStringId": "LOC_STATUS_EFFECT_ELEMENTAL_RESISTANCE_UP",
      "Tags": [
        "HuntingHorn",
        "Buff"
      ],
      "TimerOffset": "EC",
      "Source": "Base"
    },
    {
      "NameStringId": "LOC_STATUS_EFFECT_AFFINITY_UP",
      "Tags": [
        "HuntingHorn",
        "Buff"
      ],
      "TimerOffset": "F0",
      "Source": "Base"
    },
    {
      "NameStringId": "LOC_STATUS_EFFECT_ALL_AILMENTS_NEGATED",
      "Tags": [
        "HuntingHorn",
        "Buff"
      ],
      "TimerOffset": "F4",
      "Source": "Base"
    },
    {
      "NameStringId": "LOC_STATUS_EFFECT_WIND_PRESSURE_NEGATED_AND_EARPLUGS_S",
      "Tags": [
        "HuntingHorn",
        "Buff"
      ],
      "TimerOffset": "F8",
      "Source": "Base"
    },
    {
      "NameStringId": "LOC_STATUS_EFFECT_ABNORMAL_STATUS_ATTACK_INCREASED",
      "Tags": [
        "HuntingHorn",
        "Buff"
      ],
      "TimerOffset": "FC",
      "Source": "Base"
    },
    {
      "NameStringId": "LOC_STATUS_EFFECT_ATTACK_UP_S",
      "Tags": [
        "CoralOrchestra",
        "Buff"
      ],
      "TimerOffset": "104",
      "Source": "Base"
    },
    {
      "NameStringId": "LOC_STATUS_EFFECT_ATTACK_UP_L",
      "Tags": [
        "CoralOrchestra",
        "Buff"
      ],
      "TimerOffset": "108",
      "Source": "Base"
    },
    {
      "NameStringId": "LOC_STATUS_EFFECT_DEFENSE_UP_S",
      "Tags": [
        "CoralOrchestra",
        "Buff"
      ],
      "TimerOffset": "10C",
      "Source": "Base"
    },
    {
      "NameStringId": "LOC_STATUS_EFFECT_DEFENSE_UP_L",
      "Tags": [
        "CoralOrchestra",
        "Buff"
      ],
      "TimerOffset": "110",
      "Source": "Base"
    },
    {
      "NameStringId": "LOC_STATUS_EFFECT_AFFINITY_UP",
      "Tags": [
        "CoralOrchestra",
        "Buff"
      ],
      "TimerOffset": "114",
      "Source": "Base"
    },
    {
      "NameStringId": "LOC_STATUS_EFFECT_HEALTH_RECOVERY",
      "Tags": [
        "CoralOrchestra",
        "Buff"
      ],
      "TimerOffset": "118",
      "Source": "Base"
    },
    {
      "NameStringId": "LOC_STATUS_EFFECT_HEALTH_BOOST",
      "Tags": [
        "CoralOrchestra",
        "Buff"
      ],
      "TimerOffset": "11C",
      "Source": "Base"
    },
    {
      "NameStringId": "LOC_STATUS_EFFECT_STAMINA_USE_REDUCED",
      "Tags": [
        "CoralOrchestra",
        "Buff"
      ],
      "TimerOffset": "120",
      "Source": "Base"
    },
    {
      "NameStringId": "LOC_STATUS_EFFECT_DIVINE_PROTECTION",
      "Tags": [
        "CoralOrchestra",
        "Buff"
      ],
      "TimerOffset": "128",
      "Source": "Base"
    },
    {
      "NameStringId": "LOC_STATUS_EFFECT_STUN_NEGATED",
      "Tags": [
        "CoralOrchestra",
        "Buff"
      ],
      "TimerOffset": "130",
      "Source": "Base"
    },
    {
      "NameStringId": "LOC_STATUS_EFFECT_PARALYSIS_NEGATED",
      "Tags": [
        "CoralOrchestra",
        "Buff"
      ],
      "TimerOffset": "134",
      "Source": "Base"
    },
    {
      "NameStringId": "LOC_STATUS_EFFECT_TREMORS_NEGATED",
      "Tags": [
        "CoralOrchestra",
        "Buff"
      ],
      "TimerOffset": "138",
      "Source": "Base"
    },
    {
      "NameStringId": "LOC_STATUS_EFFECT_EARPLUGS_S",
      "Tags": [
        "CoralOrchestra",
        "Buff"
      ],
      "TimerOffset": "13C",
      "Source": "Base"
    },
    {
      "NameStringId": "LOC_STATUS_EFFECT_WIND_PRESSURE_NEGATED",
      "Tags": [
        "CoralOrchestra",
        "Buff"
      ],
      "TimerOffset": "140",
      "Source": "Base"
    },
    {
      "NameStringId": "LOC_STATUS_EFFECT_ENVIRONMENTAL_DAMAGE_NEGATED",
      "Tags": [
        "CoralOrchestra",
        "Buff"
      ],
      "TimerOffset": "144",
      "Source": "Base"
    },
    {
      "NameStringId": "LOC_STATUS_EFFECT_POISON",
      "Tags": [
        "Debuff"
      ],
      "TimerOffset": "554",
      "Source": "Base"
    },
    {
      "NameStringId": "LOC_STATUS_EFFECT_FIREBLIGHT",
      "Tags": [
        "Debuff"
      ],
      "TimerOffset": "55C",
      "Source": "Base"
    },
    {
      "NameStringId": "LOC_STATUS_EFFECT_THUNDERBLIGHT",
      "Tags": [
        "Debuff"
      ],
      "TimerOffset": "560",
      "Source": "Base"
    },
    {
      "NameStringId": "LOC_STATUS_EFFECT_WATERBLIGHT",
      "Tags": [
        "Debuff"
      ],
      "TimerOffset": "564",
      "Source": "Base"
    },
    {
      "NameStringId": "LOC_STATUS_EFFECT_ICEBLIGHT",
      "Tags": [
        "Debuff"
      ],
      "TimerOffset": "568",
      "Source": "Base"
    },
    {
      "NameStringId": "LOC_STATUS_EFFECT_DRAGONBLIGHT",
      "Tags": [
        "Debuff"
      ],
      "TimerOffset": "56C",
      "Source": "Base"
    },
    {
      "NameStringId": "LOC_STATUS_EFFECT_BLEEDING",
      "Tags": [
        "Debuff"
      ],
      "TimerOffset": "570",
      "Source": "Base"
    },
    {
      "NameStringId": "LOC_STATUS_EFFECT_BLEEDING_RECOVERY",
      "Tags": [
        "Debuff"
      ],
      "TimerOffset": "574",
      "Source": "Base"
    },
    {
      "NameStringId": "LOC_STATUS_EFFECT_EFFLUVIA",
      "Tags": [
        "Debuff"
      ],
      "TimerOffset": "578",
      "Source": "Base"
    },
    {
      "NameStringId": "LOC_STATUS_EFFECT_DEFENSE_DOWN",
      "Tags": [
        "Debuff"
      ],
      "TimerOffset": "57C",
      "Source": "Base"
    },
    {
      "NameStringId": "LOC_STATUS_EFFECT_ELEMENTAL_RESISTANCE_DOWN",
      "Tags": [
        "Debuff"
      ],
      "TimerOffset": "584",
      "Source": "Base"
    },
    {
      "NameStringId": "LOC_STATUS_EFFECT_NO_ITEMS",
      "Tags": [
        "Debuff"
      ],
      "TimerOffset": "58C",
      "Source": "Base"
    },
    {
      "NameStringId": "LOC_STATUS_EFFECT_BLASTBLIGHT",
      "Tags": [
        "Debuff"
      ],
      "TimerOffset": "590",
      "Source": "Base"
    },
    {
      "NameStringId": "LOC_STATUS_EFFECT_DASH_JUICE",
      "Tags": [
        "Buff"
      ],
      "TimerOffset": "5B8",
      "Source": "Base"
    },
    {
      "NameStringId": "LOC_STATUS_EFFECT_WIGGLY_LITCHI",
      "Tags": [
        "Buff"
      ],
      "TimerOffset": "5BC",
      "Source": "Base"
    },
    {
      "NameStringId": "LOC_STATUS_EFFECT_IMMUNIZER",
      "Tags": [
        "Buff"
      ],
      "TimerOffset": "5C0",
      "Source": "Base"
    },
    {
      "NameStringId": "LOC_STATUS_EFFECT_MIGHT_PILL",
      "Tags": [
        "Buff"
      ],
      "TimerOffset": "5C8",
      "Source": "Base",
      "Conditions": [
        {
          "Offsets": [
            "5D0"
          ],
          "ByteValue": 1
        }
      ]
    },
    {
      "NameStringId": "LOC_STATUS_EFFECT_MIGHT_SEED",
      "Tags": [
        "Buff"
      ],
      "TimerOffset": "5C8",
      "Source": "Base",
      "Conditions": [
        {
          "Offsets": [
            "5D0"
          ],
          "ByteValue": 0
        }
      ]
    },
    {
      "NameStringId": "LOC_STATUS_EFFECT_ADAMANT_PILL",
      "Tags": [
        "Buff"
      ],
      "TimerOffset": "5D8",
      "Source": "Base",
      "Conditions": [
        {
          "Offsets": [
            "5E4"
          ],
          "ByteValue": 1
        }
      ]
    },
    {
      "NameStringId": "LOC_STATUS_EFFECT_ADAMANT_SEED",
      "Tags": [
        "Buff"
      ],
      "TimerOffset": "5D8",
      "Source": "Base",
      "Conditions": [
        {
          "Offsets": [
            "5E4"
          ],
          "ByteValue": 0
        }
      ]
    },
    {
      "NameStringId": "LOC_STATUS_EFFECT_DEMON_POWDER",
      "Tags": [
        "Buff"
      ],
      "TimerOffset": "5EC",
      "Source": "Base"
    },
    {
      "NameStringId": "LOC_STATUS_EFFECT_HARDSHELL_POWDER",
      "Tags": [
        "Buff"
      ],
      "TimerOffset": "5F0",
      "Source": "Base"
    },
    {
      "NameStringId": "LOC_STATUS_EFFECT_DEMONDRUG",
      "Tags": [
        "Buff"
      ],
      "Source": "Base",
      "Conditions": [
        {
          "Offsets": [
            "5FC"
          ],
          "IntValue": 1
        }
      ]
    },
    {
      "NameStringId": "LOC_STATUS_EFFECT_MEGA_DEMONDRUG",
      "Tags": [
        "Buff"
      ],
      "Source": "Base",
      "Conditions": [
        {
          "Offsets": [
            "5FC"
          ],
          "IntValue": 2
        }
      ]
    },
    {
      "NameStringId": "LOC_STATUS_EFFECT_ARMORSKIN",
      "Tags": [
        "Buff"
      ],
      "Source": "Base",
      "Conditions": [
        {
          "Offsets": [
            "600"
          ],
          "IntValue": 1
        }
      ]
    },
    {
      "NameStringId": "LOC_STATUS_EFFECT_MEGA_ARMORSKIN",
      "Tags": [
        "Buff"
      ],
      "Source": "Base",
      "Conditions": [
        {
          "Offsets": [
            "600"
          ],
          "IntValue": 2
        }
      ]
    },
    {
      "NameStringId": "LOC_STATUS_EFFECT_COOL_DRINK",
      "Tags": [
        "Buff"
      ],
      "TimerOffset": "60C",
      "Source": "Base"
    },
    {
      "NameStringId": "LOC_STATUS_EFFECT_PROTECTIVE_POLISH",
      "Tags": [
        "Buff"
      ],
      "TimerOffset": "644",
      "Source": "Base"
    },
    {
      "NameStringId": "LOC_STATUS_EFFECT_AFFINITY_SLIDING",
      "Tags": [
        "Buff"
      ],
      "TimerOffset": "648",
      "Source": "Base"
    },
    {
      "NameStringId": "LOC_EQUIPMENT_MANTLE_GHILLIE",
      "Tags": [
        "Equipment",
        "Buff"
      ],
      "TimerOffset": "A8C",
      "Source": "Equipment"
    },
    {
      "NameStringId": "LOC_EQUIPMENT_MANTLE_TEMPORAL",
      "Tags": [
        "Equipment",
        "Buff"
      ],
      "TimerOffset": "A90",
      "Source": "Equipment"
    },
    {
      "NameStringId": "LOC_EQUIPMENT_MANTLE_ROCKSTEADY",
      "Tags": [
        "Equipment",
        "Buff"
      ],
      "TimerOffset": "A98",
      "Source": "Equipment"
    },
    {
      "NameStringId": "LOC_EQUIPMENT_MANTLE_CHALLENGER",
      "Tags": [
        "Equipment",
        "Buff"
      ],
      "TimerOffset": "A9C",
      "Source": "Equipment"
    },
    {
      "NameStringId": "LOC_EQUIPMENT_MANTLE_VITALITY",
      "Tags": [
        "Equipment",
        "Buff"
      ],
      "TimerOffset": "AA0",
      "Source": "Equipment"
    },
    {
      "NameStringId": "LOC_EQUIPMENT_MANTLE_FIREPROOF",
      "Tags": [
        "Equipment",
        "Buff"
      ],
      "TimerOffset": "AA4",
      "Source": "Equipment"
    },
    {
      "NameStringId": "LOC_EQUIPMENT_MANTLE_WATERPROOF",
      "Tags": [
        "Equipment",
        "Buff"
      ],
      "TimerOffset": "AA8",
      "Source": "Equipment"
    },
    {
      "NameStringId": "LOC_EQUIPMENT_MANTLE_ICEPROOF",
      "Tags": [
        "Equipment",
        "Buff"
      ],
      "TimerOffset": "AAC",
      "Source": "Equipment"
    },
    {
      "NameStringId": "LOC_EQUIPMENT_MANTLE_THUNDERPROOF",
      "Tags": [
        "Equipment",
        "Buff"
      ],
      "TimerOffset": "AB0",
      "Source": "Equipment"
    },
    {
      "NameStringId": "LOC_EQUIPMENT_MANTLE_DRAGONPROOF",
      "Tags": [
        "Equipment",
        "Buff"
      ],
      "TimerOffset": "AB4",
      "Source": "Equipment"
    },
    {
      "NameStringId": "LOC_EQUIPMENT_MANTLE_GLIDER",
      "Tags": [
        "Equipment",
        "Buff"
      ],
      "TimerOffset": "ABC",
      "Source": "Equipment"
    },
    {
      "NameStringId": "LOC_EQUIPMENT_MANTLE_EVASION",
      "Tags": [
        "Equipment",
        "Buff"
      ],
      "TimerOffset": "AC0",
      "Source": "Equipment"
    },
    {
      "NameStringId": "LOC_EQUIPMENT_MANTLE_IMPACT",
      "Tags": [
        "Equipment",
        "Buff"
      ],
      "TimerOffset": "AC4",
      "Source": "Equipment"
    },
    {
      "NameStringId": "LOC_EQUIPMENT_MANTLE_APOTHECARY",
      "Tags": [
        "Equipment",
        "Buff"
      ],
      "TimerOffset": "AC8",
      "Source": "Equipment"
    },
    {
      "NameStringId": "LOC_EQUIPMENT_MANTLE_IMMUNITY",
      "Tags": [
        "Equipment",
        "Buff"
      ],
      "TimerOffset": "ACC",
      "Source": "Equipment"
    },
    {
      "NameStringId": "LOC_EQUIPMENT_MANTLE_BANDIT",
      "Tags": [
        "Equipment",
        "Buff"
      ],
      "TimerOffset": "AD4",
      "Source": "Equipment"
    },
    {
      "NameStringId": "LOC_EQUIPMENT_ASSASSINS_HOOD",
      "Tags": [
        "Equipment",
        "Buff"
      ],
      "TimerOffset": "AD8",
      "Source": "Equipment"
    },
    {
      "NameStringId": "LOC_EQUIPMENT_AFFINITY_BOOSTER",
      "Tags": [
        "Equipment",
        "Buff"
      ],
      "TimerOffset": "B68",
      "Source": "Equipment"
    },
    {
      "NameStringId": "LOC_WEAPON_INSECT_GLAIVE_ATTACK",
      "Tags": [
        "Weapon",
        "Buff"
      ],
      "TimerOffset": "1FE8",
      "Source": "Weapon",
      "Conditions": [
        {
          "Offsets": [
            "290",
            "3E0",
            "10"
          ],
          "StringRegexValue": ".*rod[0-9]"
        }
      ]
    },
    {
      "NameStringId": "LOC_WEAPON_INSECT_GLAIVE_SPEED",
      "Tags": [
        "Weapon",
        "Buff"
      ],
      "TimerOffset": "1FEC",
      "Source": "Weapon",
      "Conditions": [
        {
          "Offsets": [
            "290",
            "3E0",
            "10"
          ],
          "StringRegexValue": ".*rod[0-9]"
        }
      ]
    },
    {
      "NameStringId": "LOC_WEAPON_INSECT_GLAIVE_DEFENSE",
      "Tags": [
        "Weapon",
        "Buff"
      ],
      "TimerOffset": "1FF0",
      "Source": "Weapon",
      "Conditions": [
        {
          "Offsets": [
            "290",
            "3E0",
            "10"
          ],
          "StringRegexValue": ".*rod[0-9]"
        }
      ]
    },
    {
      "NameStringId": "LOC_WEAPON_LONGSWORD_SPIRIT_GAUGE_REGEN",
      "Tags": [
        "Weapon",
        "Buff"
      ],
      "TimerOffset": "1FF8",
      "Source": "Weapon",
      "Conditions": [
        {
          "Offsets": [
            "290",
            "3E0",
            "10"
          ],
          "StringRegexValue": ".*swo[0-9]"
        }
      ]
    },
    {
      "NameStringId": "LOC_WEAPON_LONGSWORD_STEADY_SPIRIT_LEVEL",
      "Tags": [
        "Weapon",
        "Buff"
      ],
      "TimerOffset": "2008",
      "Source": "Weapon",
      "Conditions": [
        {
          "Offsets": [
            "290",
            "3E0",
            "10"
          ],
          "StringRegexValue": ".*swo[0-9]"
        }
      ]
    },
    {
      "NameStringId": "LOC_WEAPON_CHARGE_BLADE_SHIELD_CHARGE",
      "Tags": [
        "Weapon",
        "Buff"
      ],
      "TimerOffset": "1FF8",
      "Source": "Weapon",
      "Conditions": [
        {
          "Offsets": [
            "290",
            "3E0",
            "10"
          ],
          "StringRegexValue": ".*caxe[0-9]"
        }
      ]
    },
    {
      "NameStringId": "LOC_WEAPON_CHARGE_BLADE_BLADE_CHARGE",
      "Tags": [
        "Weapon",
        "Buff"
      ],
      "TimerOffset": "1FFC",
      "Source": "Weapon",
      "Conditions": [
        {
          "Offsets": [
            "290",
            "3E0",
            "10"
          ],
          "StringRegexValue": ".*caxe[0-9]"
        }
      ]
    },
    {
      "NameStringId": "LOC_WEAPON_SWITCH_AXE_AMPED_STATE",
      "Tags": [
        "Weapon",
        "Buff"
      ],
      "TimerOffset": "1FD4",
      "Source": "Weapon",
      "Conditions": [
        {
          "Offsets": [
            "290",
            "3E0",
            "10"
          ],
          "StringRegexValue": ".*saxe[0-9]"
        }
      ]
    },
    {
      "NameStringId": "LOC_WEAPON_HAMMER_POWER_CHARGE",
      "Tags": [
        "Weapon",
        "Buff"
      ],
      "Source": "Weapon",
      "Conditions": [
        {
          "Offsets": [
            "1FC4"
          ],
          "ByteValue": 1
        },
        {
          "Offsets": [
            "290",
            "3E0",
            "10"
          ],
          "StringRegexValue": ".*ham[0-9]"
        }
      ]
    }
  ]
}